{"text": " \u03ba\u03ac\u03bd \u06a9\u06cc\u0648\u06ba \u0633\u06d2 \u0627\u0644\u0644\u06c1\u0627\u0646\u06c1 \u0631\u0648 due\u0648\u0627\u0646\u0648\u06ba \u0633\u06d2 \u06c1\u0648\u0627\u06cc\u0627 \u06a9\u0648 \u0628\u06be\u06cc \u0645\u06cc\u06ba \u0645\u0648\u0627\u06c1wart \u0627\u0644\u0644\u06c1\u0627\u0646\u06c1 harmonic\u06cc where are you going alone? \u0628\u06be\u06cc \u0645\u06cc\u06ba \u0645\u0648\u0627\u06c1\u0648\u0627\u0646\u0648\u06ba \u0646\u06d2\u0446\u0438\u043e\u043d\u06cc\u062c\u0644 \u062c\u0648\u0691\u06be\u06d2 \u0627\u0644\u0627\u062f\u0631\u06af \u0648 \u0648 \u0641\u0627\u0645\u0646\u0627 \u0627\u0644\u0644\u06c1\u0627\u0646\u06c1 \u06a9\u06d2uciinet\u06cc can you stay as the first Lord? \u0622\u067e \u06a9\u06d2 \u0633\u0631\u06a9\u062a\u06d2 \u06c1\u06cc\u06ba\u0641\u0631\u06c1 minimum\u0627 \u06c1\u0627\u0646\u0627 \u0622\u062e\u0631 \u0628\u06c1\u0648\u06ba \u0646\u06d2 \u0648\u06c1 \u062f\u0430\u0435\u0442\u0435 \u06c1\u06d2", "segments": [{"id": 0, "seek": 0, "start": 0.0, "end": 5.5600000000000005, "text": " \u03ba\u03ac\u03bd \u06a9\u06cc\u0648\u06ba \u0633\u06d2 \u0627\u0644\u0644\u06c1\u0627\u0646\u06c1 \u0631\u0648 due\u0648\u0627\u0646\u0648\u06ba \u0633\u06d2", "tokens": [50364, 31492, 23180, 31320, 34190, 13672, 6354, 7649, 6354, 12602, 2407, 3462, 2407, 7649, 31320, 34190, 50642], "temperature": 1.0, "avg_logprob": -4.0205240557270665, "compression_ratio": 1.4962962962962962, "no_speech_prob": 0.11305737495422363}, {"id": 1, "seek": 0, "start": 5.5600000000000005, "end": 7.32, "text": " \u06c1\u0648\u0627\u06cc\u0627 \u06a9\u0648 \u0628\u06be\u06cc \u0645\u06cc\u06ba \u0645\u0648\u0627\u06c1wart \u0627\u0644\u0644\u06c1\u0627\u0646\u06c1 harmonic\u06cc where are you going alone?", "tokens": [50642, 45509, 995, 38849, 31561, 4724, 36078, 27875, 3714, 14407, 6354, 29587, 13672, 6354, 7649, 6354, 32270, 4135, 689, 366, 291, 516, 3312, 30, 50730], "temperature": 1.0, "avg_logprob": -4.0205240557270665, "compression_ratio": 1.4962962962962962, "no_speech_prob": 0.11305737495422363}, {"id": 2, "seek": 0, "start": 7.32, "end": 8.86, "text": " \u0628\u06be\u06cc \u0645\u06cc\u06ba \u0645\u0648\u0627\u06c1\u0648\u0627\u0646\u0648\u06ba \u0646\u06d2\u0446\u0438\u043e\u043d\u06cc\u062c\u0644 \u062c\u0648\u0691\u06be\u06d2 \u0627\u0644\u0627\u062f\u0631\u06af \u0648 \u0648 \u0641\u0627\u0645\u0646\u0627 \u0627\u0644\u0644\u06c1\u0627\u0646\u06c1 \u06a9\u06d2uciinet\u06cc", "tokens": [50730, 4724, 36078, 27875, 3714, 14407, 6354, 2407, 7649, 31320, 43947, 21964, 4135, 7435, 1211, 10874, 2407, 150, 239, 14268, 7369, 2423, 18513, 2288, 16761, 4032, 4032, 6156, 995, 2304, 8315, 13672, 6354, 7649, 6354, 24049, 34144, 21370, 4135, 50807], "temperature": 1.0, "avg_logprob": -4.0205240557270665, "compression_ratio": 1.4962962962962962, "no_speech_prob": 0.11305737495422363}, {"id": 3, "seek": 0, "start": 8.86, "end": 9.700000000000001, "text": " can you stay as the first Lord?", "tokens": [50807, 393, 291, 1754, 382, 264, 700, 3257, 30, 50849], "temperature": 1.0, "avg_logprob": -4.0205240557270665, "compression_ratio": 1.4962962962962962, "no_speech_prob": 0.11305737495422363}, {"id": 4, "seek": 0, "start": 9.700000000000001, "end": 18.8, "text": " \u0622\u067e \u06a9\u06d2 \u0633\u0631\u06a9\u062a\u06d2 \u06c1\u06cc\u06ba", "tokens": [50849, 46201, 24049, 8608, 2288, 6007, 2655, 7369, 38904, 51304], "temperature": 1.0, "avg_logprob": -4.0205240557270665, "compression_ratio": 1.4962962962962962, "no_speech_prob": 0.11305737495422363}, {"id": 5, "seek": 0, "start": 22.400000000000002, "end": 29.42, "text": "\u0641\u0631\u06c1 minimum\u0627 \u06c1\u0627\u0646\u0627 \u0622\u062e\u0631 \u0628\u06c1\u0648\u06ba \u0646\u06d2 \u0648\u06c1 \u062f\u0430\u0435\u0442\u0435 \u06c1\u06d2", "tokens": [51484, 5172, 2288, 6354, 7285, 995, 12138, 7649, 995, 19753, 34740, 4724, 6354, 31320, 43947, 44291, 11778, 17670, 23905, 51835], "temperature": 1.0, "avg_logprob": -4.0205240557270665, "compression_ratio": 1.4962962962962962, "no_speech_prob": 0.11305737495422363}], "language": "ur"}